City_id,City,Country,Lat,Lng,Max Temp,Humidity,Cloudiness,Wind Speed,Current Description
0,Busselton,AU,-33.65,115.3333,58.03,76,71,19.62,broken clouds
1,Buala,SB,-8.145,159.5921,79.7,82,5,8.77,clear sky
2,Kedrovyy,RU,56.1667,91.8167,68.41,97,42,4.47,scattered clouds
3,Avarua,CK,-21.2078,-159.775,73.45,68,20,6.91,few clouds
4,Castro,BR,-24.7911,-50.0119,70.21,38,0,6.06,clear sky
5,Qaanaaq,GL,77.484,-69.3632,45.52,57,10,3.74,clear sky
6,Albany,US,42.6001,-73.9662,83.26,52,61,1.16,broken clouds
7,Atuona,PF,-9.8,-139.0333,75.79,80,26,12.28,light rain
8,Ushuaia,AR,-54.8,-68.3,42.46,65,75,3.44,broken clouds
9,Nakamura,JP,32.9833,132.9333,77.29,97,96,3.22,overcast clouds
10,Punta Arenas,CL,-53.15,-70.9167,44.71,70,75,11.5,broken clouds
11,Pishva,IR,35.308,51.7267,93.78,19,57,6.17,broken clouds
12,Waingapu,ID,-9.6567,120.2641,73.44,88,19,6.31,few clouds
13,Geraldton,AU,-28.7667,114.6,54.01,87,100,11.5,light intensity shower rain
14,Skibbereen,IE,51.55,-9.2667,63.1,66,72,14.03,broken clouds
15,Pimentel,PE,-6.8367,-79.9342,70.09,64,0,6.91,clear sky
16,Chokurdakh,RU,70.6333,147.9167,57.92,68,76,5.03,broken clouds
17,Vaini,TO,-21.2,-175.2,75.36,100,75,4.61,broken clouds
18,Miraflores,MX,19.2167,-98.8083,68.04,71,66,2.37,broken clouds
19,Mataura,NZ,-46.1927,168.8643,33.44,97,43,3.2,scattered clouds
20,Mar Del Plata,AR,-38.0023,-57.5575,60.82,84,0,8.99,clear sky
21,Puerto Del Rosario,ES,28.5004,-13.8627,76.75,78,20,18.41,few clouds
22,Rikitea,PF,-23.1203,-134.9692,71.87,74,100,17.74,light rain
23,Airai,TL,-8.9266,125.4092,57.25,92,92,3.24,overcast clouds
24,Kerman,IR,30.2832,57.0788,76.86,61,75,6.91,broken clouds
25,Yellowknife,CA,62.456,-114.3525,61.32,48,20,5.75,few clouds
26,Lavrentiya,RU,65.5833,-171.0,42.62,86,45,3.31,scattered clouds
27,Saint George,US,37.1041,-113.5841,88.63,49,0,3.44,clear sky
28,Chuy,UY,-33.6971,-53.4616,57.96,61,80,3.13,broken clouds
29,Galle,LK,6.0367,80.217,79.0,86,100,16.02,moderate rain
30,Bentiu,SS,9.2333,29.8333,71.42,91,100,3.22,overcast clouds
31,Metro,ID,-5.1131,105.3067,74.95,92,24,1.36,few clouds
32,Nikolskoye,RU,59.7035,30.7861,66.09,62,75,2.84,broken clouds
33,Faanui,PF,-16.4833,-151.75,77.81,74,1,24.79,light rain
34,Pandan,PH,14.0453,124.1694,80.13,84,100,6.38,overcast clouds
35,Heyang,CN,26.1011,107.473,67.95,92,0,1.34,clear sky
36,Cape Town,ZA,-33.9258,18.4232,54.27,70,0,13.8,clear sky
37,Arraial Do Cabo,BR,-22.9661,-42.0278,73.36,60,40,8.05,scattered clouds
38,Yelabuga,RU,55.7613,52.0649,69.35,64,96,0.56,overcast clouds
39,Emborion,GR,40.4833,21.55,80.96,51,58,6.82,broken clouds
40,Jamestown,US,42.097,-79.2353,78.03,53,0,6.91,clear sky
41,Saskylakh,RU,71.9167,114.0833,43.3,86,100,11.59,overcast clouds
42,Esperance,AU,-33.8667,121.9,50.95,68,42,14.14,scattered clouds
43,Atasu,KZ,48.6814,71.6433,64.29,62,40,6.85,scattered clouds
44,Sola,VU,-13.8833,167.55,78.93,80,95,15.75,overcast clouds
45,Takoradi,GH,4.8845,-1.7554,75.51,81,100,12.71,overcast clouds
46,Weligama,LK,5.9667,80.4167,78.17,88,100,13.94,heavy intensity rain
47,Pampierstad,ZA,-27.7832,24.6877,52.72,31,5,7.61,clear sky
48,Kindersley,CA,51.4668,-109.1682,73.42,64,40,2.3,scattered clouds
49,Bluff,NZ,-46.6,168.3333,43.92,79,29,15.01,scattered clouds
50,Inhambane,MZ,-23.865,35.3833,66.18,88,20,4.61,few clouds
51,Tuktoyaktuk,CA,69.4541,-133.0374,51.8,76,75,5.75,broken clouds
52,Brae,GB,60.3964,-1.353,54.27,70,26,11.3,scattered clouds
53,Te Anau,NZ,-45.4167,167.7167,31.33,91,49,1.43,scattered clouds
54,Kungurtug,RU,50.5994,97.5228,54.27,86,83,2.84,broken clouds
55,Katangli,RU,51.7102,143.2326,49.41,91,37,8.52,scattered clouds
56,Talnakh,RU,69.4865,88.3972,47.21,66,10,16.28,clear sky
57,Beringovskiy,RU,63.05,179.3167,49.21,74,92,2.77,overcast clouds
58,Port Alfred,ZA,-33.5906,26.891,51.19,80,23,1.99,few clouds
59,Pevek,RU,69.7008,170.3133,45.23,69,3,9.42,clear sky
60,Lazaro Cardenas,MX,17.9583,-102.2,87.3,60,79,1.52,broken clouds
61,Bambous Virieux,MU,-20.3428,57.7575,71.85,73,75,14.97,broken clouds
62,Killarney,IE,52.05,-9.5167,66.25,63,0,8.05,clear sky
63,Elliot Lake,CA,46.3834,-82.6331,76.6,52,16,9.42,few clouds
64,Tiksi,RU,71.6872,128.8694,44.62,80,97,14.45,overcast clouds
65,Matsubase,JP,32.65,130.6667,80.19,78,77,5.77,broken clouds
66,Touros,BR,-5.1989,-35.4608,80.92,74,26,15.37,scattered clouds
67,Tome,CL,-36.6167,-72.95,54.21,71,83,4.38,broken clouds
68,Pacific Grove,US,36.6177,-121.9166,68.41,89,20,5.99,few clouds
69,Ixtapa,MX,20.7,-105.2,85.23,70,100,5.75,overcast clouds
70,Hithadhoo,MV,-0.6,73.0833,78.66,80,100,13.85,overcast clouds
71,The Pas,CA,53.8251,-101.2541,68.02,49,75,4.61,broken clouds
72,Odesskoye,RU,54.2111,72.9651,67.57,80,100,8.72,overcast clouds
73,Hermanus,ZA,-34.4187,19.2345,46.8,65,6,3.98,clear sky
74,Dingle,PH,10.9995,122.6711,76.33,89,100,2.21,heavy intensity rain
75,Thompson,CA,55.7435,-97.8558,66.36,48,75,9.22,broken clouds
76,Alexandria,EG,31.2156,29.9553,81.14,69,40,11.5,scattered clouds
77,Chapadinha,BR,-3.7417,-43.3603,90.52,49,55,2.95,broken clouds
78,Biak,ID,-0.9131,122.8766,75.56,86,96,2.55,light rain
79,Bubaque,GW,11.2833,-15.8333,79.68,79,10,16.87,clear sky
80,Yuxia,CN,34.0615,108.6291,81.21,66,2,5.1,clear sky
81,Olinda,BR,-8.0089,-34.8553,80.33,74,40,11.5,scattered clouds
82,Bredasdorp,ZA,-34.5322,20.0403,46.65,71,4,3.4,clear sky
83,Puerto Leguizamo,CO,-0.1934,-74.7819,90.32,50,60,0.89,broken clouds
84,Prince Rupert,CA,54.3161,-130.3201,59.09,96,100,5.75,overcast clouds
85,Kirakira,SB,-10.4544,161.9205,78.15,86,25,10.36,scattered clouds
86,Mahibadhoo,MV,3.7833,72.9667,78.01,86,100,32.01,light rain
87,Sao Felix Do Xingu,BR,-6.6447,-51.995,91.74,38,40,0.78,scattered clouds
88,Barrow,US,71.2906,-156.7887,38.35,87,63,6.31,broken clouds
89,Cap Malheureux,MU,-19.9842,57.6142,71.47,69,12,7.0,few clouds
90,Tiznit,MA,29.5833,-9.5,88.66,33,7,4.81,clear sky
91,Butaritari,KI,3.0707,172.7902,81.19,77,41,15.23,scattered clouds
92,Bethel,US,41.3712,-73.414,86.04,52,0,5.75,clear sky
93,Kurmanayevka,RU,52.5093,52.0675,69.42,58,100,6.51,overcast clouds
94,Vanimo,PG,-2.6741,141.3028,78.22,87,47,5.53,scattered clouds
95,Torbay,CA,47.6666,-52.7314,76.87,64,40,21.85,scattered clouds
96,Clyde River,CA,70.4692,-68.5914,37.63,93,100,6.91,fog
97,Mason City,US,43.1536,-93.201,82.65,62,20,12.66,few clouds
98,Neepawa,CA,50.2289,-99.4664,66.6,95,100,13.0,overcast clouds
99,Hinganghat,IN,20.5667,78.8333,82.98,76,100,4.72,overcast clouds
100,Berlevag,NO,70.8578,29.0864,58.8,82,40,3.44,scattered clouds
101,Leningradskiy,RU,69.3833,178.4167,48.47,66,11,5.12,few clouds
102,Emba,KZ,48.8264,58.1442,75.34,43,42,7.29,scattered clouds
103,Severo-Kurilsk,RU,50.6789,156.125,52.03,91,60,10.54,broken clouds
104,Ayan,RU,56.45,138.1667,56.8,98,100,4.45,overcast clouds
105,Timaru,NZ,-44.4,171.25,37.08,78,1,3.0,clear sky
106,Pinawa,CA,50.1489,-95.8811,65.16,96,100,3.53,overcast clouds
107,Shingu,JP,33.7333,135.9833,76.57,88,58,4.83,broken clouds
108,Alice Springs,AU,-23.7,133.8833,45.95,53,2,1.14,clear sky
109,Gua Musang,MY,4.8823,101.9644,73.96,98,94,1.54,overcast clouds
110,Tairua,NZ,-37.0167,175.85,49.51,81,3,9.48,clear sky
111,Dunedin,NZ,-45.8742,170.5036,43.81,69,35,6.46,scattered clouds
112,Seoul,KR,37.5683,126.9778,78.4,94,100,4.61,light rain
113,Georgetown,MY,5.4112,100.3354,84.13,88,20,0.0,light rain
114,Cherskiy,RU,68.75,161.3,56.32,55,45,12.8,scattered clouds
115,Khani,GE,41.9563,42.9566,69.37,95,3,1.57,clear sky
116,Maniitsoq,GL,65.4167,-52.9,42.46,92,98,6.58,overcast clouds
117,Salalah,OM,17.0151,54.0924,78.89,89,75,9.22,broken clouds
118,Sungaipenuh,ID,-2.0833,101.3833,64.78,96,76,2.3,broken clouds
119,Beipiao,CN,41.7919,120.7792,71.33,94,1,4.23,clear sky
120,Hilo,US,19.7297,-155.09,78.53,79,100,8.05,overcast clouds
121,Sambek,RU,47.7431,39.8308,85.28,36,66,10.69,broken clouds
122,Umea,SE,63.8284,20.2597,64.33,82,0,8.05,clear sky
123,Reftinskiy,RU,57.0901,61.6769,59.22,95,90,5.46,overcast clouds
124,Kaitangata,NZ,-46.2817,169.8464,39.04,92,57,7.07,broken clouds
125,Marsh Harbour,BS,26.5412,-77.0636,84.09,71,28,12.86,scattered clouds
126,Banjar,ID,-8.19,114.9675,72.97,90,87,2.93,overcast clouds
127,Micheldorf,AT,46.9222,14.4405,76.8,71,31,4.05,scattered clouds
128,Forchheim,DE,49.7175,11.0588,81.39,57,90,3.38,overcast clouds
129,Kawambwa,ZM,-9.7915,29.0791,67.28,34,4,3.91,clear sky
130,Boffa,GN,10.1667,-14.0333,80.51,77,62,8.72,broken clouds
131,Carballo,ES,43.213,-8.691,89.02,75,0,11.12,clear sky
132,Grand-Lahou,CI,5.1367,-5.0242,75.99,82,94,11.65,overcast clouds
133,Bayangol,RU,50.6977,103.4656,52.21,93,6,2.33,clear sky
134,Hatfield,GB,51.7634,-0.2242,79.88,57,75,13.8,broken clouds
135,Bumbuna,SL,9.05,-11.7333,77.61,90,87,3.6,light rain
136,Mahasamund,IN,21.1,82.1,82.67,70,100,7.94,overcast clouds
137,Awjilah,LY,29.1081,21.2869,91.6,24,0,18.45,clear sky
138,Sortavala,RU,61.7053,30.6918,58.24,79,92,6.93,overcast clouds
139,Katsuura,JP,35.1333,140.3,79.81,91,88,11.99,overcast clouds
140,Kapaa,US,22.0752,-159.319,79.12,84,0,11.5,clear sky
141,Morant Bay,JM,17.8815,-76.4093,94.71,70,4,16.02,clear sky
142,Georgiyevka,KZ,43.0369,74.7114,71.64,60,40,6.71,scattered clouds
143,Port-Gentil,GA,-0.7193,8.7815,76.96,78,20,16.11,few clouds
144,Puerto Ayora,EC,-0.7393,-90.3518,76.96,87,93,5.01,overcast clouds
145,Alta Floresta,BR,-9.8756,-56.0861,94.82,28,1,3.44,clear sky
146,Macapa,BR,0.0389,-51.0664,91.38,55,20,6.91,few clouds
147,Hobart,AU,-42.8794,147.3294,49.86,78,92,8.05,overcast clouds
148,Huacho,PE,-11.1067,-77.605,66.43,70,43,10.38,scattered clouds
149,Hasaki,JP,35.7333,140.8333,81.0,85,89,7.85,overcast clouds
150,Port Hardy,CA,50.6996,-127.4199,60.98,88,75,4.61,fog
151,Guerrero Negro,MX,27.9769,-114.0611,82.72,46,10,7.85,clear sky
152,Provideniya,RU,64.3833,-173.3,48.06,80,9,4.79,clear sky
153,Atherton,GB,53.5237,-2.4935,67.89,58,3,8.99,clear sky
154,Shimoda,JP,34.6667,138.95,79.11,91,69,11.43,broken clouds
155,Ballina,AU,-28.8667,153.5667,58.01,92,98,6.13,overcast clouds
156,Port Elizabeth,ZA,-33.918,25.5701,53.89,78,0,14.97,clear sky
157,Yulara,AU,-25.2406,130.9889,48.24,41,2,7.4,clear sky
158,Longyearbyen,SJ,78.2186,15.6401,49.84,76,0,4.61,clear sky
159,Upernavik,GL,72.7868,-56.1549,50.63,64,48,5.68,scattered clouds
160,Souillac,MU,-20.5167,57.5167,71.98,73,75,14.97,broken clouds
161,Elbistan,TR,38.2059,37.1983,79.79,20,0,4.76,clear sky
162,Lebu,CL,-37.6167,-73.65,51.4,75,55,4.43,broken clouds
163,Libreville,GA,0.3925,9.4537,75.9,81,32,10.54,scattered clouds
164,Vestmannaeyjar,IS,63.4427,-20.2734,54.59,71,20,21.85,few clouds
165,Misratah,LY,32.3754,15.0925,84.13,74,0,15.23,clear sky
166,Port Macquarie,AU,-31.4333,152.9167,52.9,78,100,10.4,overcast clouds
167,Bosaso,SO,11.2842,49.1816,92.34,46,100,6.13,overcast clouds
168,Zhangzhou,CN,24.5133,117.6556,82.33,88,55,2.59,broken clouds
169,Palauig,PH,15.435,119.9045,80.51,79,100,7.67,light rain
170,Parbhani,IN,19.2667,76.7833,81.19,76,100,4.9,overcast clouds
171,Ponta Do Sol,PT,32.6667,-17.1,82.0,69,0,2.15,clear sky
172,Ucluelet,CA,48.9329,-125.5528,62.91,92,0,1.01,clear sky
173,New Amsterdam,GY,6.25,-57.5167,87.04,57,33,7.52,scattered clouds
174,Buraydah,SA,26.326,43.975,91.85,27,90,8.81,overcast clouds
175,Mana,GF,5.6592,-53.7767,83.16,75,13,8.57,few clouds
176,New Norfolk,AU,-42.7826,147.0587,49.5,77,96,1.01,overcast clouds
177,Ribeira Grande,PT,38.5167,-28.7,77.4,73,20,5.75,few clouds
178,Kavaratti,IN,10.5669,72.642,81.09,81,90,22.32,overcast clouds
179,San Joaquin,US,37.9333,-121.3011,80.55,60,0,6.91,clear sky
180,Kotel,BG,42.8833,26.45,78.35,55,57,4.56,broken clouds
181,Amahai,ID,-3.3333,128.9167,76.59,90,97,2.93,overcast clouds
182,Khatanga,RU,71.9667,102.5,44.31,75,99,8.3,overcast clouds
183,Tasiilaq,GL,65.6145,-37.6368,53.76,57,77,5.82,broken clouds
184,Kapiri Mposhi,ZM,-13.9652,28.6809,62.37,33,0,5.32,clear sky
185,Kolpashevo,RU,58.3131,82.9089,59.22,83,100,10.16,light rain
186,Nome,US,64.5011,-165.4064,53.67,72,0,0.0,clear sky
187,Nouadhibou,MR,20.931,-17.0347,82.38,65,25,10.36,scattered clouds
188,Atambua,ID,-9.1061,124.8925,70.02,89,80,4.88,broken clouds
189,Qasigiannguit,GL,68.8193,-51.1922,53.85,84,57,4.09,broken clouds
190,Astana,KZ,51.1801,71.446,69.75,60,40,6.71,scattered clouds
191,Oistins,BB,13.0667,-59.5333,86.5,74,20,25.32,few clouds
192,Kamenka,RU,51.3223,42.7678,69.96,56,98,11.36,overcast clouds
193,Mahebourg,MU,-20.4081,57.7,71.89,73,75,14.97,broken clouds
194,La Paz,BO,-16.5,-68.15,64.38,12,0,8.05,clear sky
195,Sibolga,ID,1.7427,98.7792,76.96,84,94,2.77,overcast clouds
196,Merauke,ID,-8.4667,140.3333,75.96,87,99,13.06,overcast clouds
197,Kutum,SD,14.2,24.6667,70.75,77,64,14.76,moderate rain
198,Kondinskoye,RU,59.6481,67.41,60.22,58,100,8.37,overcast clouds
199,Palora,EC,-1.7,-77.9333,80.71,50,49,4.63,scattered clouds
200,Macia,MZ,-25.0269,33.0989,67.62,83,4,14.12,clear sky
201,Constitucion,CL,-35.3333,-72.4167,55.72,72,1,3.89,clear sky
202,Kodiak,US,57.79,-152.4072,54.91,94,100,0.0,overcast clouds
203,Kropotkin,RU,45.4375,40.5756,83.43,31,3,9.64,clear sky
204,Vondrozo,MG,-22.8167,47.2833,59.52,98,19,0.65,few clouds
205,Malumfashi,NG,11.7853,7.6218,75.61,74,58,7.25,broken clouds
206,Gold Coast,AU,-28.0,153.4333,59.0,99,100,10.02,overcast clouds
207,Saint-Joseph,RE,-21.3667,55.6167,66.58,79,25,12.39,light rain
208,East London,ZA,-33.0153,27.9116,52.74,76,0,6.91,clear sky
209,Kholodnyy,RU,62.7167,147.95,51.35,88,90,6.4,overcast clouds
210,Osakarovka,KZ,50.565,72.5692,60.53,78,100,4.81,overcast clouds
211,Madang,PG,-5.2246,145.7966,76.44,92,96,3.09,overcast clouds
212,Shelburne,CA,44.0787,-80.2041,81.75,43,78,10.6,broken clouds
213,Vostok,RU,46.4856,135.8833,63.23,96,99,3.76,overcast clouds
214,Oranjemund,NA,-28.55,16.4333,53.69,80,1,26.49,clear sky
215,Necochea,AR,-38.5473,-58.7368,60.78,57,100,5.37,overcast clouds
216,Altamira,BR,-3.2033,-52.2064,88.7,50,73,3.29,broken clouds
217,Richards Bay,ZA,-28.783,32.0377,62.89,74,100,11.92,light rain
218,Norman Wells,CA,65.282,-126.8329,64.44,52,20,14.97,few clouds
219,Flinders,AU,-34.5833,150.8552,57.38,69,90,8.99,light rain
220,Port Blair,IN,11.6667,92.75,78.84,94,75,4.61,broken clouds
221,Dahuk,IQ,36.8695,42.994,93.36,13,0,2.1,clear sky
222,Kadhan,PK,24.481,68.9859,82.49,82,41,18.32,scattered clouds
223,Owo,NG,7.1962,5.5868,71.06,96,98,7.81,light rain
224,Wakkanai,JP,45.4094,141.6739,61.9,91,88,18.21,overcast clouds
225,Saldanha,ZA,-33.0117,17.9442,50.05,69,1,19.86,clear sky
226,Korla,CN,41.7597,86.1469,80.8,38,84,18.54,broken clouds
227,Newcastle,AU,-32.9272,151.7765,57.81,78,100,8.05,overcast clouds
228,Noumea,NC,-22.2763,166.4572,70.0,99,100,16.93,overcast clouds
229,Vozhega,RU,60.4725,40.2213,57.58,76,76,4.0,broken clouds
230,Ahuimanu,US,21.4447,-157.8378,80.31,71,40,12.66,scattered clouds
231,Auki,SB,-8.7676,160.7034,76.28,89,9,4.47,clear sky
232,Ulladulla,AU,-35.35,150.4667,52.48,82,100,8.84,overcast clouds
233,Tuatapere,NZ,-46.1333,167.6833,36.05,89,20,6.51,few clouds
234,Pangai,TO,-19.8,-174.35,77.11,94,20,5.75,few clouds
235,Mount Isa,AU,-20.7333,139.5,49.77,62,16,0.0,few clouds
236,Yuzhno-Kurilsk,RU,44.0306,145.8556,58.57,95,99,12.03,overcast clouds
237,Chyhyryn,UA,49.0838,32.6555,74.62,51,7,10.67,clear sky
238,Nanortalik,GL,60.1432,-45.2371,49.21,83,88,9.46,overcast clouds
239,Ulaanbaatar,MN,47.9077,106.8832,55.53,82,0,4.47,clear sky
240,Saint-Philippe,RE,-21.3585,55.7679,67.59,82,48,16.11,light rain
241,Luderitz,NA,-26.6481,15.1594,58.06,57,0,24.4,clear sky
242,Victoria,HK,22.2855,114.1577,87.85,78,1,5.01,clear sky
243,Mezen,RU,65.8522,44.24,61.32,96,91,1.48,moderate rain
244,Yar-Sale,RU,66.8333,70.8333,48.67,77,62,1.48,broken clouds
245,Carnarvon,AU,-24.8667,113.6333,69.24,46,100,9.44,overcast clouds
246,Westport,US,41.1415,-73.3579,88.09,58,0,12.66,clear sky
247,Huilong,CN,31.8111,121.655,82.92,94,0,7.16,clear sky
248,Maniago,IT,46.1706,12.7078,84.96,66,33,3.71,scattered clouds
249,Sorland,NO,67.667,12.6934,57.06,87,82,13.04,broken clouds
250,Fershampenuaz,RU,53.5202,59.8117,62.35,73,12,2.44,few clouds
251,Iraucuba,BR,-3.7461,-39.7833,87.31,50,39,8.88,scattered clouds
252,Krasnoshchekovo,RU,51.6708,82.7289,64.8,68,95,3.71,overcast clouds
253,Narsaq,GL,60.9167,-46.05,55.62,68,94,3.89,overcast clouds
254,Obigarm,TJ,38.7173,69.7088,67.78,52,78,5.39,broken clouds
255,Rundu,NA,-17.9333,19.7667,67.19,20,35,3.2,scattered clouds
256,Asau,RO,46.4333,26.4,64.87,89,99,2.51,overcast clouds
257,Hambantota,LK,6.1241,81.1185,78.76,85,100,16.2,light rain
258,Weihe,CN,32.9952,105.3247,66.79,98,85,2.1,overcast clouds
259,Morondava,MG,-20.2833,44.2833,74.21,80,3,14.2,clear sky
260,Menongue,AO,-14.6585,17.691,64.18,29,17,2.59,few clouds
261,Safford,US,32.834,-109.7076,87.12,69,0,5.75,clear sky
262,Betamcherla,IN,15.4667,78.1667,85.64,63,100,5.14,overcast clouds
263,Cabo San Lucas,MX,22.8909,-109.9124,93.61,60,0,3.44,clear sky
264,Macamic,CA,48.7502,-78.9996,78.15,52,38,9.98,scattered clouds
265,Nemuro,JP,43.3236,145.575,60.67,91,83,18.05,broken clouds
266,Dikson,RU,73.5069,80.5464,40.66,89,99,10.4,overcast clouds
267,Yakeshi,CN,49.2833,120.7333,60.76,88,35,2.39,scattered clouds
268,Padang,ID,-0.9492,100.3543,78.01,88,77,3.09,light rain
269,Kokopo,PG,-4.352,152.2633,76.93,85,98,9.24,overcast clouds
270,Christchurch,NZ,-43.5333,172.6333,34.41,78,7,1.14,clear sky
271,Port Lincoln,AU,-34.7333,135.8667,52.02,79,5,14.05,clear sky
272,Altagracia De Orituco,VE,9.8601,-66.3814,85.41,59,44,5.48,scattered clouds
273,Ternate,ID,0.8,127.4,80.15,79,100,0.38,overcast clouds
274,Meulaboh,ID,4.1363,96.1285,76.66,89,87,3.76,moderate rain
275,Felipe Carrillo Puerto,MX,19.5833,-88.05,90.93,52,56,7.65,broken clouds
276,Kiunga,PG,-6.1219,141.2906,73.62,99,69,2.64,broken clouds
277,Lyubech,UA,51.7026,30.6569,67.6,66,96,9.31,overcast clouds
278,Barranca,PE,-10.75,-77.7667,65.3,72,69,10.13,broken clouds
279,Ostrovnoy,RU,68.0531,39.5131,59.43,75,71,7.09,broken clouds
280,Acarau,BR,-2.8856,-40.12,82.98,70,56,16.78,broken clouds
281,Hirara,JP,24.8,125.2833,80.58,87,100,16.51,moderate rain
282,Gazojak,TM,41.1875,61.4036,86.59,24,68,16.04,broken clouds
283,Valdivia,CL,-39.8142,-73.2459,51.89,67,95,2.13,overcast clouds
284,Santa Isabel Do Rio Negro,BR,-0.4139,-65.0192,88.61,49,71,5.17,broken clouds
285,Naantali,FI,60.4674,22.0243,70.21,40,0,8.05,clear sky
286,Manono,CD,-7.3,27.4167,84.09,29,5,2.06,clear sky
287,Black River,JM,18.0264,-77.8487,91.72,51,4,19.8,clear sky
288,Shenjiamen,CN,29.9576,122.298,81.37,86,100,7.14,overcast clouds
289,Glenwood Springs,US,39.5505,-107.3248,77.4,46,100,0.0,overcast clouds
290,Codrington,AU,-38.2667,141.9667,43.38,95,66,10.8,broken clouds
291,Polunochnoye,RU,60.8697,60.4153,60.39,80,100,3.49,overcast clouds
292,Siderno,IT,38.2779,16.302,80.74,71,0,3.6,clear sky
293,Iqaluit,CA,63.7506,-68.5145,53.33,71,75,5.75,broken clouds
294,Katima Mulilo,NA,-17.5,24.2667,64.56,17,26,4.88,scattered clouds
295,Gidam,IN,18.9833,81.4,75.97,93,100,0.94,overcast clouds
296,Yabelo,ET,4.8833,38.0833,63.88,60,100,11.68,overcast clouds
297,Atbasar,KZ,51.8,68.3333,66.63,67,91,6.42,overcast clouds
298,North Bend,US,43.4065,-124.2243,63.16,88,100,6.91,overcast clouds
299,Sechura,PE,-5.5569,-80.8222,74.46,58,23,12.73,few clouds
300,Kahului,US,20.8947,-156.47,78.84,70,20,11.5,few clouds
301,Waipawa,NZ,-41.4122,175.5153,37.2,86,4,4.29,clear sky
302,Ketchikan,US,55.3422,-131.6461,63.07,100,100,9.22,mist
303,Le Port,RE,-20.9373,55.2919,70.25,72,33,9.28,scattered clouds
304,Goderich,CA,43.7501,-81.7165,73.9,63,35,6.42,scattered clouds
305,Riviere-Au-Renard,CA,48.9957,-64.3971,75.49,61,76,14.99,broken clouds
306,Sept-Iles,CA,50.2001,-66.3821,77.0,64,75,12.66,broken clouds
307,Bontang,ID,0.1333,117.5,74.23,90,100,4.5,overcast clouds
308,Cortez,US,37.3489,-108.5859,73.94,60,75,3.44,broken clouds
309,Winneba,GH,5.3511,-0.6231,74.21,85,98,14.27,overcast clouds
310,College,US,64.8569,-147.8028,57.58,94,75,3.44,fog
311,Aykhal,RU,66.0,111.5,59.36,95,100,13.87,overcast clouds
312,Bogatic,RS,44.8375,19.4806,80.91,31,69,0.78,broken clouds
313,Drumnadrochit,GB,57.3344,-4.4799,62.29,53,22,7.45,few clouds
314,San Felipe,VE,10.3399,-68.7425,84.22,72,85,1.52,overcast clouds
315,Sydney,AU,-33.8679,151.2073,59.72,62,0,14.97,clear sky
316,Kavieng,PG,-2.5744,150.7967,81.46,77,94,17.07,light rain
317,Gamba,GA,-2.65,10.0,72.16,90,42,9.57,scattered clouds
318,Ajdabiya,LY,30.7554,20.2263,80.55,77,0,14.67,clear sky
319,Namibe,AO,-15.1961,12.1522,65.03,77,0,11.5,clear sky
320,Sinnamary,GF,5.3833,-52.95,83.52,75,18,8.16,few clouds
321,Gurlan,UZ,41.8447,60.3919,87.71,28,83,16.22,broken clouds
322,Daru,PG,-9.0763,143.2092,75.88,93,67,11.95,broken clouds
323,Gamboma,CG,-1.8764,15.8644,85.53,37,36,8.37,scattered clouds
324,Bafra,TR,41.5678,35.9069,73.24,87,0,2.48,clear sky
325,Zemio,CF,5.0314,25.1361,68.49,90,94,2.42,overcast clouds
326,Saint Anthony,US,45.0205,-93.218,85.84,56,0,24.16,clear sky
327,Keetmanshoop,NA,-26.5833,18.1333,54.07,32,0,14.56,clear sky
328,Otta,NO,61.7712,9.5353,64.09,78,100,3.98,light rain
329,Isangel,VU,-19.55,169.2667,73.15,87,81,13.35,broken clouds
330,Marrakesh,MA,31.6315,-8.0083,113.07,9,40,9.22,scattered clouds
331,Dossor,KZ,47.5272,52.9811,86.31,27,39,9.86,scattered clouds
332,Harper,LR,4.375,-7.7169,76.51,77,91,12.19,overcast clouds
333,Seymchan,RU,62.8833,152.4333,52.7,76,41,6.8,scattered clouds
334,Kitimat,CA,54.0524,-128.6534,71.98,32,86,3.58,overcast clouds
335,Olafsvik,IS,64.8945,-23.7142,49.53,71,78,14.38,broken clouds
336,Aykino,RU,62.2248,49.9922,61.03,97,83,3.71,broken clouds
337,Klaksvik,FO,62.2266,-6.589,52.32,76,40,14.9,scattered clouds
338,Salou,ES,41.0766,1.1416,86.74,62,20,5.75,few clouds
339,Bengkulu,ID,-3.8004,102.2655,75.7,91,73,3.6,broken clouds
340,Agen,FR,44.2,0.6333,91.56,29,0,8.05,clear sky
341,Jumla,NP,29.2747,82.1838,63.16,96,100,1.43,overcast clouds
342,Sayyan,YE,15.1718,44.3244,61.99,72,89,4.61,overcast clouds
343,Ngaoundere,CM,7.3167,13.5833,65.35,98,100,4.18,light rain
344,Cidreira,BR,-30.1811,-50.2056,60.98,73,68,11.45,broken clouds
345,Ormara,PK,25.2088,64.6357,82.09,86,99,16.82,overcast clouds
346,Spencer,US,43.1414,-95.1444,78.91,65,0,14.97,clear sky
347,Juli,PE,-16.2167,-69.45,54.82,26,1,9.08,clear sky
348,Dakar,SN,14.6937,-17.4441,84.33,70,40,11.5,scattered clouds
349,West Wendover,US,40.7391,-114.0733,87.01,16,0,6.91,clear sky
350,Kaniama,CD,-7.5667,24.1833,79.9,29,4,3.22,clear sky
351,Presidencia Roque Saenz Pena,AR,-26.7852,-60.4388,78.3,21,2,2.91,clear sky
352,Kojnare,BG,43.35,24.1333,84.31,34,36,16.64,scattered clouds
353,Beyneu,KZ,45.3167,55.2,88.14,24,10,10.22,clear sky
354,At-Bashi,KG,41.1702,75.8106,58.78,46,92,2.42,overcast clouds
355,Mandera,KE,3.9366,41.867,84.69,45,100,18.75,overcast clouds
356,Baculin,PH,7.4525,126.5842,76.51,82,99,4.54,overcast clouds
357,Kresttsy,RU,58.2452,32.5165,59.2,69,99,1.92,overcast clouds
358,Hobyo,SO,5.3505,48.5268,76.5,83,2,26.24,clear sky
359,Peace River,CA,56.2501,-117.286,71.91,60,75,8.05,broken clouds
360,Pitimbu,BR,-7.4706,-34.8086,82.99,74,58,13.49,broken clouds
361,San Fernando,PH,15.0286,120.6898,76.75,89,100,1.01,moderate rain
362,Yugorsk,RU,61.3133,63.3319,60.21,48,100,5.77,overcast clouds
363,Luancheng,CN,37.8792,114.6517,78.96,76,4,3.76,clear sky
364,Beloha,MG,-25.1667,45.05,66.88,85,14,5.61,few clouds
365,Okazaki,JP,34.95,137.1667,84.7,83,62,4.18,broken clouds
366,Akureyri,IS,65.6835,-18.0878,53.53,47,75,8.05,broken clouds
367,Banda Aceh,ID,5.5577,95.3222,79.48,81,43,10.18,scattered clouds
368,Hellvik,NO,59.9156,5.781,59.77,75,95,7.0,overcast clouds
369,Ous,RU,60.9058,61.5186,63.28,74,100,5.23,overcast clouds
370,Condega,NI,13.365,-86.3985,83.57,57,53,11.1,broken clouds
371,Broome,US,42.2506,-75.833,82.02,56,20,7.0,few clouds
372,Lima,PE,-12.0432,-77.0282,65.89,74,100,6.91,overcast clouds
373,Palembang,ID,-2.9167,104.7458,80.69,83,20,5.75,few clouds
374,Sabang,ID,5.8933,95.3214,81.39,79,34,15.43,light rain
375,Tuy Hoa,VN,13.0833,109.3,76.98,95,100,8.05,overcast clouds
376,Goundam,ML,16.4145,-3.6708,99.95,25,49,10.0,scattered clouds
377,Xining,CN,36.6167,101.7667,60.71,82,77,2.71,broken clouds
378,Makat,KZ,47.6469,53.3463,85.35,28,33,10.83,scattered clouds
379,Hisar,IN,29.1667,75.7167,82.17,82,96,6.04,moderate rain
380,Vila Franca Do Campo,PT,37.7167,-25.4333,73.81,69,70,3.4,broken clouds
381,Atar,MR,20.5169,-13.0499,99.39,29,23,7.94,few clouds
382,Avera,US,33.194,-82.5271,92.71,26,0,11.95,clear sky
383,Dwarka,IN,22.2394,68.9678,81.18,82,85,18.25,overcast clouds
384,Nishihara,JP,26.1842,127.7558,81.68,89,75,8.05,light intensity shower rain
385,Shu,KZ,43.5983,73.7614,76.59,33,43,7.0,scattered clouds
386,Castricum,NL,52.5483,4.6694,68.09,76,87,8.99,overcast clouds
387,Bilibino,RU,68.0546,166.4372,55.44,56,98,4.52,overcast clouds
388,Tarpon Springs,US,28.1461,-82.7568,95.29,58,0,8.05,clear sky
389,Walvis Bay,NA,-22.9575,14.5053,55.09,76,0,4.61,clear sky
390,Tateyama,JP,34.9833,139.8667,79.11,88,87,11.99,overcast clouds
391,Sumbe,AO,-11.2061,13.8437,68.58,84,0,9.31,clear sky
392,Borogontsy,RU,62.6683,131.1683,63.97,85,88,5.55,overcast clouds
393,Tancanhuitz,MX,21.6,-98.9667,88.47,47,20,6.42,few clouds
394,Kayasula,RU,44.325,45.0,83.57,40,21,13.82,few clouds
395,Lata,PT,40.1629,-8.3327,89.49,47,0,7.29,clear sky
396,Darhan,MN,49.4867,105.9228,62.46,72,1,4.14,clear sky
397,Kununurra,AU,-15.7667,128.7333,53.58,87,97,2.3,overcast clouds
398,Taos,US,36.4072,-105.5731,78.55,64,0,4.0,clear sky
399,Alofi,NU,-19.0595,-169.9187,73.29,94,6,5.75,clear sky
400,Salme,NP,28.0369,85.0942,66.49,95,100,0.54,overcast clouds
401,Evensk,RU,61.95,159.2333,52.59,87,100,2.3,overcast clouds
402,Pisco,PE,-13.7,-76.2167,64.02,82,100,6.91,mist
403,Sao Joao Da Barra,BR,-21.6403,-41.0511,75.29,62,26,10.85,scattered clouds
404,Dauphin,CA,51.1494,-100.0502,64.54,77,100,11.5,overcast clouds
405,San Quintin,MX,30.4833,-115.95,77.38,56,22,8.86,few clouds
406,Iznik,TR,40.4286,29.7211,80.35,79,1,5.03,clear sky
407,Townsville,AU,-19.25,146.8,65.28,82,100,8.05,overcast clouds
408,Tura,IN,25.5198,90.2201,73.69,97,100,3.94,overcast clouds
409,Berezovka,BY,53.7214,25.4993,61.0,93,100,12.73,overcast clouds
410,Sigli,ID,5.3848,95.9609,77.92,84,81,5.03,broken clouds
411,Alappuzha,IN,9.49,76.3264,79.0,88,98,9.91,overcast clouds
412,Fortuna,US,40.5982,-124.1573,68.94,82,75,4.61,broken clouds
413,Aloleng,PH,16.1307,119.7824,80.49,82,100,9.1,overcast clouds
414,Luwuk,ID,-0.9516,122.7875,76.59,89,95,3.13,moderate rain
415,Nova Granada,BR,-20.5339,-49.3142,84.45,19,0,5.86,clear sky
416,Muros,ES,42.7762,-9.0603,87.1,45,0,12.41,clear sky
417,Valparaiso,CL,-33.0393,-71.6273,61.03,76,0,5.75,clear sky
418,Gizo,SB,-8.103,156.8419,81.28,77,2,9.13,clear sky
419,Taklisah,TN,36.7833,10.6333,86.74,71,0,10.36,clear sky
420,Umm Lajj,SA,25.0213,37.2685,89.51,48,92,8.23,overcast clouds
421,Mata,PT,40.683,-7.4592,94.93,20,11,2.08,few clouds
422,Saint-Augustin,CA,51.226,-58.6502,76.46,46,63,14.23,broken clouds
423,Libertador General San Martin,AR,-23.8064,-64.7876,77.97,24,38,3.47,scattered clouds
424,Villa Carlos Paz,AR,-31.4241,-64.4978,70.88,25,0,4.0,clear sky
425,Shemgang,BT,27.2169,90.6579,62.74,100,100,0.38,overcast clouds
426,Gat,IL,31.61,34.7642,81.81,17,14,6.13,few clouds
427,Rawson,AR,-43.3002,-65.1023,52.11,56,96,8.19,overcast clouds
428,Mnogovershinnyy,RU,53.9353,139.9242,55.9,97,29,4.32,scattered clouds
429,Kendari,ID,-3.945,122.4989,73.78,95,100,1.3,overcast clouds
430,Husavik,IS,66.0449,-17.3389,43.92,89,100,14.83,light rain
431,Ust-Maya,RU,60.4167,134.5333,61.43,82,24,3.71,few clouds
432,Hay River,CA,60.8156,-115.7999,60.78,59,4,5.75,clear sky
433,Chara,RU,56.9064,118.2631,58.96,77,16,2.84,few clouds
434,Hun,LY,29.1268,15.9477,93.33,19,0,13.38,clear sky
435,Aitape,PG,-3.1374,142.3475,77.85,85,53,4.27,broken clouds
436,Yaval,IN,21.1667,75.7,79.54,76,100,6.78,overcast clouds
437,Dubasari,MD,47.2631,29.1608,71.29,84,100,6.55,overcast clouds
438,Japura,ID,-0.3167,102.35,75.78,91,98,3.0,overcast clouds
439,Svetlyy,RU,54.675,20.1347,64.96,93,100,8.9,overcast clouds
440,Makakilo City,US,21.3469,-158.0858,79.12,65,0,11.5,clear sky
441,Flin Flon,CA,54.7682,-101.865,66.04,63,75,10.36,broken clouds
442,La Ronge,CA,55.1001,-105.2842,66.45,63,75,11.5,broken clouds
443,Vila Velha,BR,-20.3297,-40.2925,75.15,73,0,13.8,clear sky
444,Tecoanapa,MX,16.5167,-98.75,86.83,63,100,9.08,overcast clouds
445,Oksfjord,NO,70.2396,22.3479,62.67,69,79,0.69,broken clouds
446,Lompoc,US,34.6391,-120.4579,84.69,76,0,3.44,clear sky
447,Mount Gambier,AU,-37.8333,140.7667,42.93,92,36,7.29,scattered clouds
448,Huarmey,PE,-10.0681,-78.1522,67.23,73,54,10.22,broken clouds
449,Birnin Kebbi,NG,12.4539,4.1975,80.04,64,91,7.99,overcast clouds
450,Corinto,GR,37.9407,22.9573,87.89,48,38,3.53,scattered clouds
451,Fairbanks,US,64.8378,-147.7164,57.6,94,100,3.44,light rain
452,Kabanjahe,ID,3.1001,98.4908,64.63,96,100,2.01,light rain
453,Athabasca,CA,54.7169,-113.2854,59.41,59,98,2.71,light rain
454,Yarada,IN,17.65,83.2667,86.32,79,40,6.91,thunderstorm
455,Cabra,ES,37.4725,-4.4421,99.27,14,0,13.8,clear sky
456,Macheng,CN,31.1783,115.0319,77.04,82,15,2.21,few clouds
457,Suwalki,PL,54.1118,22.9309,59.59,99,100,4.03,overcast clouds
458,Lagoa,PT,39.05,-27.9833,73.17,71,1,3.27,clear sky
459,Kantang,TH,7.4054,99.5156,78.17,89,100,2.04,very heavy rain
460,Ozernovskiy,RU,51.5,156.5167,53.35,84,40,4.21,scattered clouds
461,Erzin,TR,36.9559,36.2,76.57,82,0,3.58,clear sky
462,Yumen,CN,40.2833,97.2,75.09,36,95,22.35,overcast clouds
463,Makungu,TZ,-8.7333,35.2833,60.12,85,13,4.14,few clouds
464,Vao,NC,-22.6667,167.4833,68.9,79,99,25.77,overcast clouds
465,La Macarena,CO,2.1837,-73.7849,82.47,76,69,1.39,broken clouds
466,Russell,US,32.3502,-85.1999,92.97,58,20,3.44,few clouds
467,Grand Gaube,MU,-20.0064,57.6608,72.0,69,13,7.0,few clouds
468,Barcelos,PT,41.5388,-8.6151,97.92,33,3,7.85,clear sky
469,Lorengau,PG,-2.0226,147.2712,81.18,78,63,7.47,broken clouds
470,Nsanje,MW,-16.92,35.262,71.91,53,11,4.83,few clouds
471,Isla Mujeres,MX,21.2311,-86.731,89.65,71,22,9.93,few clouds
472,Jibuti,DJ,11.5,42.5,92.32,33,85,5.64,overcast clouds
473,Havre,FR,49.5833,0.3333,73.2,78,100,12.66,overcast clouds
474,Okhotsk,RU,59.3833,143.3,57.24,92,100,7.43,overcast clouds
475,Kyshtovka,RU,56.555,76.6271,62.42,96,89,10.85,overcast clouds
476,Malartic,CA,48.1335,-78.1328,79.02,59,6,10.89,clear sky
477,Aripuana,BR,-9.1667,-60.6333,97.72,22,7,2.62,clear sky
478,Shaikhpura,IN,25.15,85.85,85.78,72,100,5.93,moderate rain
479,Marang,MY,5.2056,103.2059,78.71,88,100,4.52,overcast clouds
480,Fort Wellington,GY,6.4,-57.6,84.18,66,33,8.25,scattered clouds
481,Quesnel,CA,52.9999,-122.5029,72.1,68,0,2.3,haze
482,Jacareacanga,BR,-6.2222,-57.7528,97.07,31,100,3.44,overcast clouds
483,Lumut,MY,4.2323,100.6298,80.62,89,20,0.0,moderate rain
484,Muscat,OM,23.6139,58.5922,89.62,64,78,5.3,broken clouds
485,Ilhabela,BR,-23.7781,-45.3581,69.17,61,3,4.59,clear sky
486,Bernalillo,US,35.05,-106.6673,86.11,47,20,4.61,few clouds
487,Hanna,CA,51.6334,-111.9018,74.86,65,51,8.99,broken clouds
488,Furukawa,JP,38.5717,140.9556,74.46,82,50,3.51,scattered clouds
489,Lenti,HU,46.624,16.5386,80.94,48,50,7.27,scattered clouds
490,Sarmanovo,RU,55.2553,52.5891,68.68,66,100,0.92,overcast clouds
491,Comodoro Rivadavia,AR,-45.8667,-67.5,48.06,53,0,6.91,clear sky
492,Ozerki,RU,57.6167,39.8833,68.02,56,0,2.24,clear sky
493,Tessalit,ML,20.1986,1.0114,104.94,11,81,8.05,broken clouds
494,Sioux Lookout,CA,50.1001,-91.917,68.07,94,100,2.3,light intensity shower rain
495,Lasa,IT,46.6166,10.7002,74.7,69,73,4.65,broken clouds
496,Staryy Nadym,RU,65.6118,72.6842,50.02,75,22,10.07,few clouds
497,Ilulissat,GL,69.2167,-51.1,53.62,54,40,5.75,scattered clouds
498,Nantucket,US,41.2835,-70.0995,82.54,65,0,9.22,clear sky
499,Vardo,NO,70.3705,31.1107,53.58,94,100,2.3,fog
500,Vyazemskiy,RU,47.5378,134.7525,69.15,94,6,3.29,clear sky
501,Kang,BW,-23.6752,22.7876,62.47,24,29,8.68,scattered clouds
502,Yarim,YE,14.298,44.3779,59.92,72,75,1.25,broken clouds
503,Mareeba,AU,-17.0,145.4333,65.12,91,41,2.68,scattered clouds
504,Lanzhou,CN,36.0564,103.7922,75.38,63,63,5.26,broken clouds
505,Jucurutu,BR,-6.0339,-37.0203,89.56,44,89,8.23,overcast clouds
506,Capinota,BO,-17.7167,-66.2333,81.81,8,0,5.14,clear sky
507,Grootfontein,NA,-19.5667,18.1167,65.77,26,2,3.44,clear sky
508,Atchison,US,39.563,-95.1216,83.91,79,43,7.54,scattered clouds
509,Voronezh,RU,51.6664,39.17,71.62,40,0,6.71,clear sky
510,Sao Filipe,CV,14.8961,-24.4956,76.39,79,100,7.31,overcast clouds
511,Nizhniy Tsasuchey,RU,50.5167,115.1333,64.9,59,52,7.25,broken clouds
512,Ahipara,NZ,-35.1667,173.1667,50.92,79,18,8.5,few clouds
513,Poum,NC,-20.2333,164.0167,70.95,76,100,9.26,overcast clouds
514,Bridlington,GB,54.0831,-0.1919,66.88,88,32,15.61,scattered clouds
515,Gander,CA,48.9682,-54.5906,75.33,60,75,10.36,broken clouds
516,Portland,US,45.5234,-122.6762,88.77,40,20,3.0,few clouds
517,Kenai,US,60.5544,-151.2583,60.1,87,75,5.75,broken clouds
518,Tezu,IN,27.9167,96.1667,75.22,98,99,2.21,overcast clouds
519,Katobu,ID,-4.9408,122.5276,73.78,96,78,5.57,broken clouds
520,Vuktyl,RU,63.8567,57.3094,61.83,51,84,7.05,broken clouds
521,Sarakhs,IR,36.5449,61.1577,89.74,29,0,0.0,clear sky
522,Saint-Francois,FR,46.4154,3.9054,87.24,30,0,9.22,clear sky
523,Juneau,US,58.3019,-134.4197,61.84,99,100,8.05,mist
524,Bekesszentandras,HU,46.8667,20.4833,70.02,51,90,18.5,overcast clouds
525,Jardim,BR,-21.4803,-56.1381,89.01,22,0,5.26,clear sky
526,Luena,AO,-11.7833,19.9167,64.63,24,0,1.14,clear sky
527,Zhangye,CN,38.9342,100.4517,73.83,59,54,2.39,broken clouds
528,Timra,SE,62.487,17.3257,69.48,60,64,10.36,broken clouds
529,Nokha,IN,27.6,73.4167,83.21,72,100,16.87,overcast clouds
530,Ranong,TH,9.9658,98.6348,79.77,88,100,9.17,overcast clouds
531,Sao Domingos,BR,-13.3983,-46.3183,91.98,13,40,7.02,scattered clouds
532,Koszalin,PL,54.1944,16.1722,65.14,69,11,7.58,few clouds
533,Troitsko-Pechorsk,RU,62.7084,56.1964,57.92,73,90,5.41,overcast clouds
534,Diplo,PK,24.4667,69.584,82.9,81,50,19.75,scattered clouds
535,Varhaug,NO,58.6147,5.6457,59.7,78,57,17.56,broken clouds
536,Saint-Pierre,RE,-21.3393,55.4781,69.91,73,0,2.3,clear sky
537,Ampere,BR,-25.915,-53.4728,71.85,40,2,2.77,clear sky
538,Aklavik,CA,68.2191,-135.0107,55.4,82,40,2.3,scattered clouds
539,Ranfurly,NZ,-45.1333,170.1,26.1,88,23,4.63,few clouds
540,Port Moresby,PG,-9.4431,147.1797,74.62,94,40,4.61,scattered clouds
541,Pierre,US,44.3683,-100.351,83.32,47,0,23.02,clear sky
542,Morehead,US,37.2711,-87.1764,76.98,88,100,4.61,overcast clouds
543,Faya,SA,18.3851,42.4509,66.31,79,59,6.11,broken clouds
544,Lucea,JM,18.451,-78.1736,89.85,69,7,18.1,clear sky
545,Jevargi,IN,17.0167,76.7667,82.27,75,100,5.35,overcast clouds
546,Anadyr,RU,64.75,177.4833,46.9,81,0,2.24,clear sky
547,Payo,ID,-3.7508,103.6372,72.9,94,71,2.06,broken clouds
548,Sobolevo,RU,54.4299,31.8996,64.6,73,100,6.64,overcast clouds
549,Nyurba,RU,63.2842,118.3319,61.95,86,88,3.31,overcast clouds
550,Broken Hill,AU,-31.95,141.4333,43.02,76,2,9.46,clear sky
551,Fier,AL,40.7239,19.5561,75.96,76,0,5.39,clear sky
552,Walla Walla,US,46.0646,-118.343,97.5,29,0,6.91,clear sky
553,Trairi,BR,-3.2778,-39.2689,83.79,65,27,12.88,scattered clouds
554,Ukiah,US,39.1502,-123.2078,90.64,53,0,5.75,clear sky
555,Laives,IT,46.4228,11.3348,81.97,42,34,1.99,scattered clouds
556,Omboue,GA,-1.5746,9.2618,73.96,85,36,9.66,scattered clouds
557,Marzuq,YE,14.4,46.4667,79.45,69,3,9.71,light rain
558,Grindavik,IS,63.8424,-22.4338,53.55,71,75,18.41,broken clouds
559,Fort Nelson,CA,58.8053,-122.7002,62.19,72,75,4.61,broken clouds
560,Lahat,ID,-3.8,103.5333,72.75,92,75,2.08,broken clouds
561,Karasburg,NA,-28.0167,18.75,49.68,32,0,10.58,clear sky
562,Columbus,US,39.9612,-82.9988,80.78,66,40,9.22,scattered clouds
563,Cikupa,ID,-6.2364,106.5083,80.91,80,1,6.31,clear sky
564,Saint-Georges,GD,12.0564,-61.7485,83.88,79,75,17.27,broken clouds
565,Namatanai,PG,-3.6667,152.4333,78.17,81,85,7.87,light rain
566,Bombay,IN,19.0144,72.8479,84.18,84,40,8.05,haze
567,Margate,GB,51.3813,1.3862,76.87,68,95,5.01,overcast clouds
568,Gonen,TR,40.1049,27.654,80.56,66,0,5.73,clear sky
569,Narimanov,RU,46.6927,47.8498,75.11,59,84,6.06,broken clouds
570,Khash,IR,28.2211,61.2158,78.82,52,100,4.03,light rain
571,Fereydunshahr,IR,32.941,50.121,65.64,63,93,3.29,overcast clouds
572,Kaohsiung,TW,22.6163,120.3133,83.03,83,75,4.61,broken clouds
573,Camacha,PT,33.0833,-16.3333,71.02,68,20,16.11,few clouds
574,Coihaique,CL,-45.5752,-72.0662,40.95,65,0,4.61,clear sky
575,Pirenopolis,BR,-15.8525,-48.9592,84.69,15,2,6.82,clear sky
576,Nangomba,TZ,-10.9,38.5,74.68,50,34,8.81,scattered clouds
577,Quatre Cocos,MU,-20.2078,57.7625,71.71,72,40,16.26,scattered clouds
578,Yining,CN,29.0361,114.5636,76.44,81,5,0.94,clear sky
579,Pangnirtung,CA,66.1451,-65.7125,57.2,67,75,10.36,broken clouds
580,Kotido,UG,2.9806,34.1331,69.82,76,75,5.97,light rain
581,Port Augusta,AU,-32.5,137.7667,43.56,81,0,3.53,clear sky
582,Marawi,PH,7.9986,124.2928,69.58,91,100,2.13,overcast clouds
583,Bonthe,SL,7.5264,-12.505,78.19,73,93,10.16,overcast clouds
584,Viransehir,TR,37.2353,39.7631,94.66,16,0,10.11,clear sky
585,Carupano,VE,10.6678,-63.2585,84.29,70,85,15.21,overcast clouds
586,Puerto Escondido,MX,15.85,-97.0667,86.83,66,40,5.75,scattered clouds
587,Odlabari,IN,26.8333,88.6167,76.53,97,100,2.75,overcast clouds
588,Dahanu,IN,19.9667,72.7333,81.88,81,38,7.25,scattered clouds
589,Algemesi,ES,39.1833,-0.4333,87.76,71,12,10.8,few clouds
590,Ambalavao,MG,-21.8333,46.9333,56.37,92,33,3.85,scattered clouds
591,Tautira,PF,-17.7333,-149.15,76.71,71,87,24.72,overcast clouds
592,Anage,BR,-14.6122,-41.1356,90.82,24,8,3.18,clear sky
593,Hofn,IS,64.2539,-15.2082,54.72,57,100,8.75,overcast clouds
594,Altotting,DE,48.2333,12.6833,75.69,57,65,5.08,broken clouds
595,Opuwo,NA,-18.0607,13.84,58.96,31,31,8.08,scattered clouds
596,Severomorsk,RU,69.0689,33.4162,63.0,77,37,9.15,scattered clouds
597,Palmer,US,42.1584,-72.3287,85.91,49,75,6.91,broken clouds
598,Lengshuitan,CN,26.4111,111.5956,80.02,66,2,3.22,clear sky
599,Flagstaff,US,35.1981,-111.6513,76.55,56,20,4.61,few clouds
600,Itarema,BR,-2.9248,-39.9167,84.11,66,48,17.09,scattered clouds
601,Phalodi,IN,27.1333,72.3667,85.21,70,100,17.09,overcast clouds
602,Shieli,KZ,44.1667,66.75,77.52,39,19,5.35,few clouds
603,Chimoio,MZ,-19.1164,33.4833,64.26,72,0,3.38,clear sky
604,Broken Arrow,US,36.0526,-95.7908,79.25,92,75,8.05,broken clouds
605,Frutal,BR,-20.0247,-48.9406,87.6,21,0,6.93,clear sky
606,Jalu,LY,29.0331,21.5482,93.34,19,0,11.39,clear sky
607,Kokkola,FI,63.8385,23.1307,71.76,69,41,4.61,scattered clouds
608,Marienburg,PL,54.0359,19.0266,65.84,87,100,9.15,overcast clouds
609,Haines Junction,CA,60.7522,-137.5108,55.35,88,88,3.44,overcast clouds
610,Pangkalanbuun,ID,-2.6833,111.6167,72.07,97,100,1.45,overcast clouds
611,Saran,FR,47.9501,1.876,88.83,32,0,9.22,clear sky
612,Nyrob,RU,60.733,56.7202,60.91,90,100,4.38,overcast clouds
613,Charters Towers,AU,-20.1,146.2667,56.55,95,64,7.83,broken clouds
614,Pandaria,IN,22.2333,81.4167,80.96,75,91,5.17,overcast clouds
615,Praya,CV,14.9215,-23.5087,81.14,65,75,14.97,broken clouds
616,Beira,MZ,-19.8436,34.8389,69.89,94,0,6.91,clear sky
617,Coquimbo,CL,-29.9533,-71.3436,56.93,76,75,2.3,broken clouds
618,Kruisfontein,ZA,-34.0033,24.7314,48.47,77,19,7.76,few clouds
619,Amudat,UG,1.95,34.95,69.98,74,91,3.67,moderate rain
620,Sao Borja,BR,-28.6606,-56.0044,73.94,50,0,1.88,clear sky
621,Dongsheng,CN,39.8161,109.9776,73.87,52,51,8.72,broken clouds
622,Laki,BG,41.85,24.8167,75.36,83,73,2.84,broken clouds
623,Nikolsk,RU,53.7189,46.0712,60.21,76,5,5.5,clear sky
624,Nabire,ID,-3.3667,135.4833,75.33,91,97,3.31,overcast clouds
625,Toshkivka,UA,48.7791,38.579,76.96,33,23,14.38,few clouds
626,Antalaha,MG,-14.9003,50.2788,67.68,88,2,7.31,clear sky
627,Ambilobe,MG,-13.2,49.05,70.36,73,32,3.36,scattered clouds
628,Dabola,GN,10.75,-11.1167,77.22,89,83,1.03,moderate rain
629,El Estor,GT,15.5333,-89.35,79.07,86,99,2.19,overcast clouds
630,Manzil Salim,TN,35.8567,8.4765,90.61,23,2,13.69,clear sky
631,Matara,LK,5.9485,80.5353,77.41,90,100,12.5,light rain
632,Zlobin,HR,45.2924,14.6541,74.5,51,20,3.44,few clouds
633,Kamenskiy,RU,50.8855,45.488,70.32,71,74,13.89,broken clouds
634,Tomatlan,MX,19.9333,-105.25,93.92,45,98,1.19,overcast clouds
635,Lohne,DE,52.6667,8.2333,69.19,88,99,9.75,overcast clouds
636,Umm Kaddadah,SD,13.6017,26.6876,84.22,51,83,6.67,moderate rain
637,Manakara,MG,-22.1333,48.0167,67.46,90,0,6.96,clear sky
638,Mecca,SA,21.4267,39.8261,92.28,28,21,4.41,few clouds
639,Synya,RU,65.3718,58.0387,60.03,70,29,2.42,scattered clouds
640,Homer,US,59.6425,-151.5483,59.04,89,40,3.44,scattered clouds
641,Louiseville,CA,46.2559,-72.9415,79.95,53,8,14.12,clear sky
642,Guider,CM,9.9342,13.9486,78.82,73,99,5.17,overcast clouds
643,Ariquemes,BR,-9.9133,-63.0408,97.36,22,3,3.85,clear sky
644,Kangaba,ML,11.9333,-8.4167,82.24,72,75,4.59,light rain
645,Lokoja,NG,7.8024,6.743,76.55,88,100,4.0,light rain
646,Riyadh,SA,24.6877,46.7219,89.74,74,100,19.91,light rain
647,Ransang,PH,8.9603,117.5828,78.46,85,100,3.8,light rain
648,Burgeo,CA,47.6167,-57.6152,68.38,77,49,20.54,scattered clouds
649,Kassala,SD,15.451,36.4,82.49,65,93,16.49,overcast clouds
650,Saravan,AM,39.7196,45.6483,64.96,59,65,6.98,broken clouds
651,Porto Novo,BJ,6.4965,2.6036,76.82,80,97,12.8,overcast clouds
652,Gao,ML,16.6362,1.637,104.43,12,44,9.17,scattered clouds
653,Victor Harbor,AU,-35.5667,138.6167,49.68,81,1,14.25,clear sky
654,Porto Empedocle,IT,37.2934,13.5264,84.31,48,0,10.89,clear sky
655,Senador Guiomard,BR,-10.1522,-67.7392,91.15,27,20,4.88,few clouds
656,Tayu,ID,-6.5397,111.0518,78.85,78,85,6.04,overcast clouds
657,Coyah,GN,9.75,-13.4167,79.45,85,97,5.82,light rain
658,San Rafael,AR,-34.6177,-68.3301,61.84,25,0,6.15,clear sky
659,Taltal,CL,-25.4,-70.4833,62.92,71,8,6.67,clear sky
660,Jega,NG,12.2175,4.3792,81.09,62,72,7.43,broken clouds
661,Afzalgarh,IN,29.4,78.6833,76.26,92,96,3.85,overcast clouds
662,Lichinga,MZ,-13.3128,35.2406,62.69,67,0,6.91,clear sky
663,Iskateley,RU,67.6803,53.1512,64.63,56,51,14.63,broken clouds
664,Ust-Kuyga,RU,70.0167,135.6,64.18,92,100,5.59,light rain
665,Sao Felipe,BR,-14.8167,-41.3833,90.84,23,7,2.53,clear sky
666,Ornskoldsvik,SE,63.2909,18.7153,68.95,64,47,9.22,scattered clouds
667,Manokwari,ID,-0.8667,134.0833,77.7,68,95,3.98,overcast clouds
668,Mongoumba,CF,3.6415,18.5936,70.03,97,100,1.34,overcast clouds
669,Akcakoca,TR,41.0866,31.1162,73.22,92,9,3.53,clear sky
670,Diebougou,BF,10.9667,-3.25,82.89,69,87,4.23,overcast clouds
671,Colwyn Bay,GB,53.2948,-3.7267,66.06,34,21,5.01,few clouds
672,Ugra,RU,54.7777,34.3267,60.37,75,85,3.96,overcast clouds
673,Noshiro,JP,40.2039,140.0242,74.5,88,73,4.92,broken clouds
674,Bantou,CN,26.2151,117.4893,77.09,85,45,1.54,scattered clouds
675,Zhigansk,RU,66.7697,123.3711,60.62,88,100,8.5,light rain
676,Lusambo,CD,-4.9667,23.45,79.38,48,95,2.08,overcast clouds
677,Santa Vitoria Do Palmar,BR,-33.5189,-53.3681,58.12,61,85,3.4,overcast clouds
678,Kananga,CD,-5.8958,22.4178,83.37,30,46,3.65,scattered clouds
679,Constantine,DZ,36.365,6.6147,94.41,22,20,9.22,few clouds
680,Ondjiva,AO,-17.0667,15.7333,66.52,27,4,2.39,clear sky
681,Hami,CN,42.8,93.45,84.33,27,50,5.12,scattered clouds
682,Pueblo Nuevo,MX,23.3833,-105.3833,70.43,60,98,4.0,overcast clouds
683,San Severo,IT,41.6897,15.376,85.6,42,0,6.62,clear sky
684,Kysyl-Syr,RU,63.8986,122.7617,63.73,85,98,4.03,overcast clouds
685,Baturaja,ID,-4.1333,104.1667,73.24,99,63,2.86,broken clouds
686,Foix,FR,42.8333,1.5833,79.77,51,16,3.38,few clouds
687,Luzino,RU,54.9481,73.0353,71.37,64,40,8.95,light rain
688,Pemangkat,ID,1.1667,108.9667,76.42,86,97,3.49,overcast clouds
689,Biltine,TD,14.5333,20.9167,83.48,61,88,1.63,overcast clouds
